Model,Dice Score,Precision,Recall,Hausdorff,Inference Time MS,Peak Memory MB,FLOPS,Parameters
deeplab-v3,0.2812752605843011,0.450567064397106,0.3448974864127648,87.84969754389928,6.694374001363784,675.85986328125,49453484032.0,4379027.0
fpn,0.5284529671218545,0.5141760565817595,0.5787893566100892,91.61791115205311,6.841771223446383,721.72802734375,77909721088.0,4213891.0
seg-former,0.12942613410281664,0.46913089814025755,0.3293284234081257,89.95128418516657,6.2976132810505385,2109.0,60981510144.0,2924803.0
u-net,0.07320325108362882,0.40061875960225174,0.33349272600426155,248.9710097493146,6.51566083654599,2094.60009765625,109281017856.0,6629235.0
