Model,Dice Score,Precision,Recall,Hausdorff,Inference Time MS,Peak Memory MB,FLOPS,Parameters
deeplab-v3,0.2470765514131971,0.5232858847636206,0.4065228996674521,88.34179216031211,6.2392298172761675,189.89697265625,13909369856.0,4379027.0
fpn,0.2872937347470922,0.47123560698801703,0.3371650050828999,84.90448331916446,6.4487919568496075,220.93115234375,21912109056.0,4213891.0
seg-former,0.12183313580759385,0.5926950184410653,0.35193606113273007,103.74989143935315,5.751408522944565,678.99609375,17151049728.0,2924803.0
u-net,0.2605161590963308,0.5066268284071269,0.3345072597230956,88.69833497162806,6.237199363625387,653.275390625,30735286272.0,6629235.0
