Model,Dice Score,Precision,Recall,Hausdorff,Inference Time MS,Peak Memory MB,FLOPS,Parameters
deeplab-v3,0.008811294075641312,0.5863549805500778,0.03304897757299501,152.73372258155885,5.98225843151082,713.7294921875,14196024320.0,4383653.0
fpn,0.02720301451126339,0.4629586852856592,0.07403461980784315,171.67941676653808,6.258695250371928,697.52392578125,22113828864.0,4216213.0
seg-former,0.01136707222956247,0.3203899600312588,0.04647416281161505,210.23658835318588,5.601111850791069,710.30859375,17437704192.0,2929429.0
u-net,0.010899955846232205,0.1178640188643769,0.04049770402660658,240.94768743802223,6.164753075801965,696.10400390625,32264110080.0,6631845.0
